6178 ì˙ñ{óXê≠,,,,,
"date","open","hight","low","close","power","End","date_position"
"2015-11-05","1775","1854","1763","1820","103814703","1820","6946"
"2015-11-06","1780","1809","1746","1755","38087500","1755","6947"
"2015-11-09","1768","1779","1695","1702","32733400","1702","6948"
"2015-11-10","1691","1757","1690","1755","31050300","1755","6949"
"2015-11-11","1758","1878","1750","1851","51162601","1851","6950"
"2015-11-12","1842","1877","1826","1860","28922000","1860","6951"
"2015-11-13","1849","1938","1841","1896","49620101","1896","6952"
"2015-11-16","1877","1909","1858","1899","27451300","1899","6953"
"2015-11-17","1930","1935","1838","1903","71850804","1903","6954"
"2015-11-18","1880","1905","1871","1897","14554100","1897","6955"
"2015-11-19","1906","1913","1871","1876","13053400","1876","6956"
"2015-11-20","1878","1881","1840","1870","9842299","1870","6957"
"2015-11-24","1890","1890","1875","1883","7292200","1883","6959"
"2015-11-25","1898","1923","1887","1916","19151500","1916","6960"
"2015-11-26","1913","1913","1885","1893","10143600","1893","6961"
"2015-11-27","1882","1898","1882","1889","5605500","1889","6962"
"2015-11-30","1890","1907","1888","1907","9541000","1907","6963"
"2015-12-01","1915","1922","1897","1900","7555700","1900","6964"
"2015-12-02","1907","1909","1886","1907","4664600","1907","6965"
"2015-12-03","1915","1946","1911","1938","17857201","1938","6966"
"2015-12-04","1922","1989","1918","1972","27905099","1972","6967"
"2015-12-07","1980","1999","1973","1997","14809700","1997","6968"
"2015-12-08","1989","1994","1952","1985","14899500","1985","6969"
"2015-12-09","1980","1983","1937","1952","10047200","1952","6970"
"2015-12-10","1926","1956","1915","1949","7936300","1949","6971"
"2015-12-11","1970","1972","1951","1955","6127200","1955","6972"
"2015-12-14","1925","1935","1898","1934","8147700","1934","6973"
"2015-12-15","1926","1937","1882","1888","9270100","1888","6974"
"2015-12-16","1915","1918","1892","1899","4904700","1899","6975"
"2015-12-17","1906","1924","1895","1915","5797300","1915","6976"
"2015-12-18","1909","1935","1905","1928","8478799","1928","6977"
"2015-12-21","1922","1940","1907","1924","5875100","1924","6978"
"2015-12-22","1922","1923","1899","1906","4777300","1906","6979"
"2015-12-24","1912","1930","1903","1926","5966700","1926","6981"
"2015-12-25","1932","1953","1930","1939","9345299","1939","6982"
"2015-12-28","1952","1979","1933","1975","12670900","1975","6983"
"2015-12-29","1962","1968","1893","1893","37346300","1893","6984"
"2015-12-30","1912","1921","1859","1865","16354600","1865","6985"
"2016-01-04","1849","1883","1827","1836","8655900","1836","6987"
"2016-01-05","1835","1874","1835","1847","5551200","1847","6988"
"2016-01-06","1857","1857","1795","1822","6296000","1822","6989"
"2016-01-07","1801","1839","1791","1801","6637100","1801","6990"
"2016-01-08","1790","1810","1781","1792","5429399","1792","6991"
"2016-01-12","1776","1779","1697","1697","7284899","1697","6993"
"2016-01-13","1730","1747","1716","1729","4789399","1729","6994"
"2016-01-14","1689","1717","1684","1715","5433399","1715","6995"
"2016-01-15","1732","1745","1693","1705","3539300","1705","6996"
"2016-01-18","1655","1672","1632","1655","4176100","1655","6997"
"2016-01-19","1639","1651","1603","1627","4776899","1627","6998"
"2016-01-20","1628","1630","1543","1546","6599600","1546","6999"
"2016-01-21","1536","1581","1499","1499","7544300","1499","7000"
"2016-01-22","1529","1610","1497","1596","8840600","1596","7001"
"2016-01-25","1660","1663","1600","1624","5996200","1624","7002"
"2016-01-26","1597","1626","1577","1608","2769300","1608","7003"
"2016-01-27","1645","1660","1627","1655","3443300","1655","7004"
"2016-01-28","1655","1655","1630","1630","2428900","1630","7005"
"2016-01-29","1635","1665","1500","1595","9927299","1595","7006"
"2016-02-01","1584","1584","1489","1494","8430700","1494","7007"
"2016-02-02","1475","1529","1437","1517","5721100","1517","7008"
"2016-02-03","1487","1516","1483","1496","3369000","1496","7009"
"2016-02-04","1476","1495","1450","1468","4038400","1468","7010"
"2016-02-05","1450","1456","1402","1419","6290000","1419","7011"
"2016-02-08","1402","1427","1381","1417","4728300","1417","7012"
"2016-02-09","1363","1371","1335","1340","4590600","1340","7013"
"2016-02-10","1356","1372","1255","1291","6301399","1291","7014"
"2016-02-12","1223","1282","1215","1243","6330500","1243","7016"
"2016-02-15","1345","1401","1322","1381","5019500","1381","7017"
"2016-02-16","1390","1428","1364","1400","3880900","1400","7018"
"2016-02-17","1400","1421","1375","1393","3633699","1393","7019"
"2016-02-18","1430","1444","1396","1428","4242000","1428","7020"
"2016-02-19","1445","1445","1380","1394","3473000","1394","7021"
"2016-02-22","1380","1402","1370","1391","2786300","1391","7022"
"2016-02-23","1403","1424","1396","1403","3204000","1403","7023"
"2016-02-24","1376","1424","1367","1408","3155000","1408","7024"
"2016-02-25","1427","1456","1419","1429","4337100","1429","7025"
"2016-02-26","1434","1450","1424","1429","2450500","1429","7026"
"2016-02-29","1445","1460","1416","1437","4849700","1437","7027"
"2016-03-01","1431","1449","1423","1431","2535100","1431","7028"
"2016-03-02","1460","1475","1450","1460","2260500","1460","7029"
"2016-03-03","1472","1519","1466","1510","4367500","1510","7030"
"2016-03-04","1508","1528","1498","1517","2913699","1517","7031"
"2016-03-07","1510","1534","1508","1514","2173300","1514","7032"
"2016-03-08","1510","1544","1509","1536","3756000","1536","7033"
"2016-03-09","1517","1518","1484","1503","3478600","1503","7034"
"2016-03-10","1503","1517","1489","1509","2334300","1509","7035"
"2016-03-11","1485","1515","1485","1504","3032500","1504","7036"
"2016-03-14","1520","1545","1512","1537","2419800","1537","7037"
"2016-03-15","1533","1544","1517","1536","3232199","1536","7038"
"2016-03-16","1525","1535","1515","1524","1940500","1524","7039"
"2016-03-17","1532","1542","1503","1509","2789500","1509","7040"
"2016-03-18","1500","1515","1471","1486","4484700","1486","7041"
"2016-03-22","1500","1525","1500","1525","3468800","1525","7043"
"2016-03-23","1525","1547","1508","1519","2553800","1519","7044"
"2016-03-24","1506","1527","1487","1523","3062699","1523","7045"
"2016-03-25","1536","1546","1523","1544","3181100","1544","7046"
"2016-03-28","1540","1547","1520","1540","2032099","1540","7047"
"2016-03-29","1521","1542","1518","1532","2217100","1532","7048"
"2016-03-30","1531","1531","1511","1515","2255400","1515","7049"
"2016-03-31","1510","1526","1500","1502","4605899","1502","7050"
"2016-04-01","1486","1500","1449","1452","3099900","1452","7051"
"2016-04-04","1450","1505","1447","1483","2963000","1483","7052"
"2016-04-05","1473","1487","1439","1447","2481400","1447","7053"
"2016-04-06","1442","1492","1441","1478","4311200","1478","7054"
"2016-04-07","1474","1485","1441","1452","3431100","1452","7055"
"2016-04-08","1423","1450","1406","1430","5104100","1430","7056"
"2016-04-11","1443","1454","1426","1448","2954300","1448","7057"
"2016-04-12","1442","1480","1440","1475","2510699","1475","7058"
"2016-04-13","1494","1529","1492","1513","3565300","1513","7059"
"2016-04-14","1528","1542","1519","1537","3124500","1537","7060"
"2016-04-15","1513","1537","1508","1532","2288800","1532","7061"
"2016-04-18","1485","1525","1484","1508","3134199","1508","7062"
"2016-04-19","1540","1550","1528","1539","2182800","1539","7063"
"2016-04-20","1539","1547","1529","1537","1980099","1537","7064"
"2016-04-21","1546","1555","1533","1551","3220800","1551","7065"
"2016-04-22","1529","1579","1529","1550","5016100","1550","7066"
"2016-04-25","1565","1592","1553","1591","4383800","1591","7067"
"2016-04-26","1579","1587","1546","1559","3124600","1559","7068"
"2016-04-27","1559","1584","1540","1559","17377701","1559","7069"
"2016-04-28","1568","1596","1474","1485","6747899","1485","7070"
"2016-05-02","1420","1448","1417","1447","2888600","1447","7072"
"2016-05-06","1442","1457","1413","1423","3080800","1423","7076"
"2016-05-09","1425","1437","1416","1421","1612800","1421","7077"
"2016-05-10","1408","1438","1406","1436","2619300","1436","7078"
"2016-05-11","1446","1462","1432","1436","1683000","1436","7079"
"2016-05-12","1418","1443","1413","1441","1745900","1441","7080"
"2016-05-13","1414","1430","1403","1407","2390400","1407","7081"
"2016-05-16","1400","1425","1383","1411","2368600","1411","7082"
"2016-05-17","1404","1413","1395","1409","2566900","1409","7083"
"2016-05-18","1400","1421","1397","1411","2044099","1411","7084"
"2016-05-19","1418","1427","1401","1409","2153699","1409","7085"
"2016-05-20","1400","1419","1398","1419","1544099","1419","7086"
"2016-05-23","1407","1420","1399","1419","1556800","1419","7087"
"2016-05-24","1412","1424","1406","1418","1848200","1418","7088"
"2016-05-25","1426","1430","1415","1421","2549100","1421","7089"
"2016-05-26","1422","1438","1420","1422","1461300","1422","7090"
"2016-05-27","1420","1424","1408","1415","1117200","1415","7091"
"2016-05-30","1418","1424","1411","1421","1169800","1421","7092"
"2016-05-31","1414","1434","1414","1433","2088600","1433","7093"
"2016-06-01","1417","1426","1414","1417","1550000","1417","7094"
"2016-06-02","1409","1415","1385","1389","1875000","1389","7095"
"2016-06-03","1384","1391","1370","1388","1405500","1388","7096"
"2016-06-06","1374","1378","1360","1375","1632800","1375","7097"
"2016-06-07","1375","1389","1375","1384","1865099","1384","7098"
"2016-06-08","1390","1394","1363","1381","1669300","1381","7099"
"2016-06-09","1372","1380","1340","1343","1903200","1343","7100"
"2016-06-10","1339","1340","1319","1336","2272400","1336","7101"
"2016-06-13","1301","1304","1282","1282","1859400","1282","7102"
"2016-06-14","1278","1280","1261","1271","1876000","1271","7103"
"2016-06-15","1273","1303","1271","1290","1941900","1290","7104"
"2016-06-16","1287","1296","1250","1257","2066300","1257","7105"
"2016-06-17","1267","1273","1250","1263","2403000","1263","7106"
"2016-06-20","1283","1299","1280","1290","1541500","1290","7107"
"2016-06-21","1279","1302","1267","1296","1277400","1296","7108"
"2016-06-22","1296","1297","1277","1286","1655000","1286","7109"
"2016-06-23","1261","1295","1259","1290","1959700","1290","7110"
"2016-06-24","1284","1298","1170","1184","4453700","1184","7111"
"2016-06-27","1240","1243","1206","1224","5023899","1224","7112"
"2016-06-28","1201","1226","1186","1218","2905500","1218","7113"
"2016-06-29","1240","1261","1231","1255","2302600","1255","7114"
"2016-06-30","1262","1274","1240","1241","2631500","1241","7115"
"2016-07-01","1298","1299","1256","1261","4081600","1261","7116"
"2016-07-04","1253","1262","1243","1259","925700","1259","7117"
"2016-07-05","1248","1252","1233","1244","1183900","1244","7118"
"2016-07-06","1222","1223","1201","1217","1818200","1217","7119"
"2016-07-07","1217","1239","1209","1213","2007500","1213","7120"
"2016-07-08","1215","1223","1188","1188","1609099","1188","7121"
"2016-07-11","1225","1242","1215","1229","1786500","1229","7122"
"2016-07-12","1250","1278","1247","1268","1731099","1268","7123"
"2016-07-13","1300","1309","1288","1292","2146900","1292","7124"
"2016-07-14","1281","1290","1263","1277","1661500","1277","7125"
"2016-07-15","1267","1295","1263","1280","2520400","1280","7126"
"2016-07-19","1290","1295","1266","1280","2125600","1280","7128"
"2016-07-20","1280","1288","1267","1286","1620400","1286","7129"
"2016-07-21","1299","1305","1284","1294","1814500","1294","7130"
"2016-07-22","1279","1301","1276","1301","2000300","1301","7131"
"2016-07-25","1319","1349","1319","1337","3634699","1337","7132"
"2016-07-26","1340","1346","1317","1343","3099100","1343","7133"
"2016-07-27","1350","1364","1332","1344","3707600","1344","7134"
"2016-07-28","1324","1330","1290","1297","2113300","1297","7135"
"2016-07-29","1302","1366","1290","1363","3176000","1363","7136"
"2016-08-01","1350","1360","1323","1357","2499800","1357","7137"
"2016-08-02","1341","1347","1330","1330","1262400","1330","7138"
"2016-08-03","1310","1325","1297","1304","1566400","1304","7139"
"2016-08-04","1315","1350","1307","1346","1782300","1346","7140"
"2016-08-05","1358","1368","1349","1353","1761900","1353","7141"
"2016-08-08","1365","1385","1365","1379","1448099","1379","7142"
"2016-08-09","1378","1386","1372","1382","1238200","1382","7143"
"2016-08-10","1384","1388","1359","1368","1555500","1368","7144"
"2016-08-12","1382","1384","1365","1378","1353800","1378","7146"
"2016-08-15","1337","1347","1315","1318","2002000","1318","7147"
"2016-08-16","1324","1337","1309","1309","1930200","1309","7148"
"2016-08-17","1328","1354","1327","1350","2221500","1350","7149"
"2016-08-18","1345","1353","1319","1321","1818400","1321","7150"
"2016-08-19","1330","1345","1323","1337","1225500","1337","7151"
"2016-08-22","1340","1348","1331","1340","1302800","1340","7152"
"2016-08-23","1334","1337","1313","1321","1391900","1321","7153"
"2016-08-24","1328","1342","1325","1338","1438500","1338","7154"
"2016-08-25","1337","1343","1325","1340","1779099","1340","7155"
"2016-08-26","1327","1331","1311","1311","1614500","1311","7156"
"2016-08-29","1319","1354","1319","1340","1742099","1340","7157"
"2016-08-30","1340","1349","1338","1345","828400","1345","7158"
"2016-08-31","1358","1362","1347","1355","1369500","1355","7159"
"2016-09-01","1355","1367","1348","1366","1702300","1366","7160"
"2016-09-02","1360","1390","1360","1389","1838300","1389","7161"
"2016-09-05","1399","1402","1384","1384","1957300","1384","7162"
"2016-09-06","1379","1391","1377","1388","1103000","1388","7163"
"2016-09-07","1377","1384","1361","1375","1933000","1375","7164"
"2016-09-08","1364","1365","1333","1354","2405199","1354","7165"
"2016-09-09","1346","1358","1339","1342","1970800","1342","7166"
"2016-09-12","1328","1340","1324","1339","1414599","1339","7167"
"2016-09-13","1334","1336","1314","1317","1731400","1317","7168"
"2016-09-14","1320","1352","1320","1342","2479199","1342","7169"
"2016-09-15","1331","1332","1312","1320","1641300","1320","7170"
"2016-09-16","1315","1338","1312","1337","2440199","1337","7171"
"2016-09-20","1321","1349","1321","1338","1941800","1338","7173"
"2016-09-21","1338","1389","1320","1388","2795800","1388","7174"
"2016-09-23","1369","1374","1356","1364","2628699","1364","7176"
"2016-09-26","1371","1375","1333","1337","2651900","1337","7177"
"2016-09-27","1316","1332","1299","1332","2920100","1332","7178"
"2016-09-28","1300","1304","1278","1287","3151900","1287","7179"
"2016-09-29","1288","1291","1276","1277","2332400","1277","7180"
"2016-09-30","1264","1271","1249","1263","2373300","1263","7181"
"2016-10-03","1275","1275","1258","1260","1537800","1260","7182"
"2016-10-04","1251","1267","1247","1254","2279000","1254","7183"
"2016-10-05","1263","1274","1252","1272","2329500","1272","7184"
"2016-10-06","1282","1295","1278","1289","2466100","1289","7185"
"2016-10-07","1285","1296","1277","1287","1257800","1287","7186"
"2016-10-11","1298","1306","1288","1294","2047500","1294","7188"
"2016-10-12","1280","1287","1276","1282","1838099","1282","7189"
"2016-10-13","1288","1297","1274","1287","2276400","1287","7190"
"2016-10-14","1290","1295","1274","1283","1922000","1283","7191"
"2016-10-17","1284","1302","1283","1297","1696200","1297","7192"
"2016-10-18","1288","1293","1277","1288","1836400","1288","7193"
"2016-10-19","1280","1286","1277","1284","1990599","1284","7194"
"2016-10-20","1280","1291","1274","1291","1917200","1291","7195"
"2016-10-21","1299","1308","1293","1300","2373400","1300","7196"
"2016-10-24","1295","1297","1282","1289","1970500","1289","7197"
"2016-10-25","1296","1304","1288","1290","3074500","1290","7198"
"2016-10-26","1292","1300","1285","1299","2214100","1299","7199"
"2016-10-27","1300","1308","1296","1304","1777200","1304","7200"
"2016-10-28","1306","1340","1306","1336","7377200","1336","7201"
"2016-10-31","1328","1342","1322","1338","2036700","1338","7202"
"2016-11-01","1340","1345","1333","1342","1756400","1342","7203"
"2016-11-02","1325","1326","1300","1306","2172000","1306","7204"
"2016-11-04","1280","1280","1251","1261","3186500","1261","7206"
"2016-11-07","1283","1288","1280","1284","1703400","1284","7207"
"2016-11-08","1290","1297","1286","1291","1127900","1291","7208"
"2016-11-09","1300","1320","1222","1243","4453500","1243","7209"
"2016-11-10","1303","1319","1291","1309","3345400","1309","7210"
"2016-11-11","1320","1353","1320","1336","3512300","1336","7211"
"2016-11-14","1336","1380","1336","1372","2892100","1372","7212"
"2016-11-15","1369","1386","1353","1379","2830300","1379","7213"
"2016-11-16","1385","1400","1383","1398","3465500","1398","7214"
"2016-11-17","1391","1399","1383","1395","2612900","1395","7215"
"2016-11-18","1400","1406","1384","1388","2738500","1388","7216"
"2016-11-21","1400","1418","1392","1414","2709500","1414","7217"
"2016-11-22","1414","1421","1408","1414","2025700","1414","7218"
"2016-11-24","1426","1435","1410","1418","2678900","1418","7220"
"2016-11-25","1420","1424","1401","1415","3507100","1415","7221"
"2016-11-28","1405","1417","1393","1415","2315300","1415","7222"
"2016-11-29","1403","1417","1402","1417","2029300","1417","7223"
"2016-11-30","1417","1420","1405","1417","4286800","1417","7224"
"2016-12-01","1430","1435","1423","1430","3961400","1430","7225"
"2016-12-02","1430","1479","1427","1475","5087800","1475","7226"
"2016-12-05","1469","1469","1441","1447","2650699","1447","7227"
"2016-12-06","1460","1470","1458","1470","2951000","1470","7228"
"2016-12-07","1475","1494","1475","1493","3077500","1493","7229"
"2016-12-08","1498","1510","1488","1506","3178500","1506","7230"
"2016-12-09","1494","1527","1494","1527","4430700","1527","7231"
"2016-12-12","1590","1590","1534","1554","6585100","1554","7232"
"2016-12-13","1535","1548","1524","1544","2639100","1544","7233"
"2016-12-14","1540","1558","1536","1555","3088000","1555","7234"
"2016-12-15","1554","1565","1547","1559","3188500","1559","7235"
"2016-12-16","1559","1562","1549","1560","2903699","1560","7236"
"2016-12-19","1543","1550","1538","1545","1597900","1545","7237"
"2016-12-20","1539","1540","1508","1518","2363400","1518","7238"
"2016-12-21","1521","1535","1510","1512","3001400","1512","7239"
"2016-12-22","1511","1514","1495","1510","1696700","1510","7240"
"2016-12-26","1523","1529","1485","1489","3213000","1489","7242"
"2016-12-27","1473","1498","1470","1485","1877599","1485","7243"
"2016-12-28","1493","1496","1480","1489","1487099","1489","7244"
"2016-12-29","1480","1485","1463","1466","1924300","1466","7245"
"2016-12-30","1460","1468","1457","1459","1640700","1459","7246"
"2017-01-04","1465","1503","1464","1503","2375699","1503","7249"
"2017-01-05","1505","1518","1505","1513","1936000","1513","7250"
"2017-01-06","1496","1510","1485","1507","2011599","1507","7251"
"2017-01-10","1495","1500","1485","1485","2029800","1485","7253"
"2017-01-11","1482","1489","1481","1487","1492599","1487","7254"
"2017-01-12","1482","1484","1466","1480","2565600","1480","7255"
"2017-01-13","1480","1489","1472","1480","2163199","1480","7256"
"2017-01-16","1473","1480","1405","1408","10502299","1408","7257"
"2017-01-17","1410","1421","1394","1406","4927800","1406","7258"
"2017-01-18","1400","1408","1391","1403","2242600","1403","7259"
"2017-01-19","1414","1423","1401","1401","2687600","1401","7260"
"2017-01-20","1410","1454","1410","1445","3362100","1445","7261"
"2017-01-23","1425","1432","1413","1418","1880900","1418","7262"
"2017-01-24","1410","1415","1400","1404","1757200","1404","7263"
"2017-01-25","1429","1431","1406","1410","2094400","1410","7264"
"2017-01-26","1419","1449","1418","1440","1993200","1440","7265"
"2017-01-27","1450","1463","1442","1445","1892000","1445","7266"
"2017-01-30","1433","1443","1427","1440","1296700","1440","7267"
"2017-01-31","1425","1429","1415","1420","1777900","1420","7268"
"2017-02-01","1411","1419","1396","1418","1486700","1418","7269"
"2017-02-02","1421","1423","1403","1405","1396900","1405","7270"
"2017-02-03","1411","1432","1410","1420","1789400","1420","7271"
"2017-02-06","1435","1442","1424","1432","1666599","1432","7272"
"2017-02-07","1427","1435","1424","1431","1550800","1431","7273"
"2017-02-08","1440","1446","1434","1445","1479300","1445","7274"
"2017-02-09","1432","1442","1428","1434","1297599","1434","7275"
"2017-02-10","1450","1460","1448","1455","2045500","1455","7276"
"2017-02-13","1460","1479","1460","1469","2561000","1469","7277"
"2017-02-14","1475","1480","1453","1455","1732800","1455","7278"
"2017-02-15","1479","1480","1463","1466","2194900","1466","7279"
"2017-02-16","1455","1467","1448","1456","2042900","1456","7280"
"2017-02-17","1450","1477","1449","1476","2585699","1476","7281"
"2017-02-20","1467","1475","1458","1474","1129000","1474","7282"
"2017-02-21","1470","1475","1462","1474","1221200","1474","7283"
"2017-02-22","1475","1482","1468","1481","1412000","1481","7284"
"2017-02-23","1476","1487","1465","1485","2572199","1485","7285"
"2017-02-24","1477","1488","1475","1482","2027200","1482","7286"
"2017-02-27","1453","1463","1431","1445","3629400","1445","7287"
"2017-02-28","1453","1464","1441","1441","2288500","1441","7288"
"2017-03-01","1448","1459","1442","1447","2268000","1447","7289"
"2017-03-02","1468","1475","1445","1446","2020900","1446","7290"
"2017-03-03","1447","1450","1434","1437","2045000","1437","7291"
"2017-03-06","1439","1458","1439","1453","1941500","1453","7292"
"2017-03-07","1453","1477","1453","1462","2049500","1462","7293"
"2017-03-08","1462","1491","1455","1468","2977400","1468","7294"
"2017-03-09","1475","1477","1457","1460","1320900","1460","7295"
"2017-03-10","1475","1479","1467","1474","2046900","1474","7296"
"2017-03-13","1470","1471","1463","1469","1388300","1469","7297"
"2017-03-14","1471","1478","1464","1464","1446599","1464","7298"
"2017-03-15","1469","1485","1465","1484","1918599","1484","7299"
"2017-03-16","1484","1515","1480","1496","4422899","1496","7300"
"2017-03-17","1490","1496","1486","1489","1819200","1489","7301"
"2017-03-21","1481","1483","1470","1473","1707900","1473","7303"
"2017-03-22","1459","1459","1441","1445","2757800","1445","7304"
"2017-03-23","1443","1446","1433","1438","2582000","1438","7305"
"2017-03-24","1443","1460","1440","1454","2316699","1454","7306"
"2017-03-27","1447","1448","1425","1431","3097500","1431","7307"
"2017-03-28","1440","1450","1439","1449","2423900","1449","7308"
"2017-03-29","1430","1438","1416","1420","2121699","1420","7309"
"2017-03-30","1410","1411","1400","1400","2036200","1400","7310"
"2017-03-31","1416","1425","1397","1397","2605300","1397","7311"
"2017-04-03","1401","1405","1392","1395","1933500","1395","7312"
"2017-04-04","1394","1395","1379","1391","2754000","1391","7313"
"2017-04-05","1388","1389","1365","1374","2613900","1374","7314"
"2017-04-06","1374","1374","1351","1357","2502000","1357","7315"
"2017-04-07","1364","1367","1350","1357","3410300","1357","7316"
"2017-04-10","1374","1388","1370","1382","2224199","1382","7317"
"2017-04-11","1377","1387","1369","1387","1449200","1387","7318"
"2017-04-12","1377","1378","1365","1374","1920000","1374","7319"
"2017-04-13","1361","1364","1348","1359","1984800","1359","7320"
"2017-04-14","1345","1356","1340","1354","1684800","1354","7321"
"2017-04-17","1350","1358","1338","1356","1666700","1356","7322"
"2017-04-18","1363","1370","1360","1361","1573200","1361","7323"
"2017-04-19","1351","1359","1341","1349","2133500","1349","7324"
"2017-04-20","1354","1368","1278","1313","14089600","1313","7325"
"2017-04-21","1290","1341","1283","1335","11270200","1335","7326"
"2017-04-24","1338","1348","1325","1345","3763300","1345","7327"
"2017-04-25","1352","1384","1348","1377","6000800","1377","7328"
"2017-04-26","1377","1393","1365","1393","3874100","1393","7329"
"2017-04-27","1386","1394","1382","1394","2139400","1394","7330"
"2017-04-28","1405","1416","1378","1381","2537800","1381","7331"
"2017-05-01","1375","1381","1364","1381","1777700","1381","7332"
"2017-05-02","1377","1383","1375","1375","2022200","1375","7333"
"2017-05-08","1390","1414","1390","1409","2800600","1409","7337"
"2017-05-09","1405","1413","1400","1401","1876400","1401","7338"
"2017-05-10","1399","1403","1393","1399","1625800","1399","7339"
"2017-05-11","1399","1404","1386","1389","1733500","1389","7340"
"2017-05-12","1384","1397","1381","1397","2675900","1397","7341"
"2017-05-15","1410","1410","1391","1402","2561800","1402","7342"
"2017-05-16","1407","1407","1381","1383","2600199","1383","7343"
"2017-05-17","1378","1380","1357","1357","3199600","1357","7344"
"2017-05-18","1351","1354","1343","1349","2361300","1349","7345"
"2017-05-19","1347","1367","1346","1363","2292900","1363","7346"
"2017-05-22","1371","1381","1358","1358","1743300","1358","7347"
"2017-05-23","1358","1361","1351","1355","1054200","1355","7348"
"2017-05-24","1369","1369","1355","1360","1803099","1360","7349"
"2017-05-25","1354","1361","1350","1358","2050600","1358","7350"
"2017-05-26","1354","1362","1350","1350","1120900","1350","7351"
"2017-05-29","1349","1355","1347","1352","1292800","1352","7352"
"2017-05-30","1349","1351","1343","1345","1420300","1345","7353"
"2017-05-31","1345","1353","1344","1352","2449300","1352","7354"
"2017-06-01","1358","1363","1354","1358","2047700","1358","7355"
"2017-06-02","1365","1377","1363","1377","3024400","1377","7356"
"2017-06-05","1370","1371","1357","1364","1822200","1364","7357"
"2017-06-06","1361","1371","1357","1359","1316500","1359","7358"
"2017-06-07","1350","1359","1344","1358","2145400","1358","7359"
"2017-06-08","1359","1369","1353","1354","1883099","1354","7360"
"2017-06-09","1350","1352","1339","1340","3344800","1340","7361"
"2017-06-12","1344","1366","1343","1359","2120199","1359","7362"
"2017-06-13","1371","1388","1368","1377","2817500","1377","7363"
"2017-06-14","1380","1393","1378","1388","2184800","1388","7364"
"2017-06-15","1385","1391","1372","1374","1885900","1374","7365"
"2017-06-16","1380","1393","1373","1393","4358300","1393","7366"
"2017-06-19","1380","1389","1380","1381","1210500","1381","7367"
"2017-06-20","1390","1394","1380","1381","1729200","1381","7368"
"2017-06-21","1380","1382","1369","1378","1512700","1378","7369"
"2017-06-22","1373","1379","1372","1374","943799","1374","7370"
"2017-06-23","1377","1388","1372","1386","1501900","1386","7371"
"2017-06-26","1403","1403","1382","1383","2644900","1383","7372"
"2017-06-27","1389","1395","1383","1383","1348700","1383","7373"
"2017-06-28","1388","1388","1377","1383","1828500","1383","7374"
"2017-06-29","1394","1403","1393","1399","2672400","1399","7375"
"2017-06-30","1392","1401","1389","1394","2670199","1394","7376"
"2017-07-03","1396","1407","1394","1404","2841300","1404","7377"
"2017-07-04","1403","1408","1393","1396","2245100","1396","7378"
"2017-07-05","1397","1399","1387","1397","1916800","1397","7379"
"2017-07-06","1389","1397","1386","1394","1648800","1394","7380"
"2017-07-07","1388","1409","1388","1406","2590400","1406","7381"
"2017-07-10","1410","1414","1400","1406","1303800","1406","7382"
"2017-07-11","1411","1432","1410","1432","2780699","1432","7383"
"2017-07-12","1419","1424","1415","1422","1597599","1422","7384"
"2017-07-13","1422","1423","1409","1413","1002799","1413","7385"
"2017-07-14","1413","1422","1411","1418","1106800","1418","7386"
"2017-07-18","1411","1417","1400","1412","1373500","1412","7388"
"2017-07-19","1405","1412","1404","1406","958900","1406","7389"
"2017-07-20","1409","1425","1407","1420","1449400","1420","7390"
"2017-07-21","1411","1414","1402","1405","1021600","1405","7391"
"2017-07-24","1400","1403","1393","1403","1185500","1403","7392"
"2017-07-25","1410","1412","1400","1403","1572400","1403","7393"
"2017-07-26","1400","1402","1392","1394","1362800","1394","7394"
"2017-07-27","1394","1399","1388","1390","1451700","1390","7395"
"2017-07-28","1388","1399","1387","1397","1161400","1397","7396"
"2017-07-31","1395","1401","1390","1391","1068000","1391","7397"
"2017-08-01","1398","1413","1394","1413","1488800","1413","7398"
"2017-08-02","1410","1413","1405","1406","949299","1406","7399"
"2017-08-03","1406","1411","1399","1408","1043500","1408","7400"
"2017-08-04","1399","1403","1395","1395","831600","1395","7401"
"2017-08-07","1405","1409","1400","1400","847799","1400","7402"
"2017-08-08","1408","1408","1390","1393","1334300","1393","7403"
"2017-08-09","1390","1396","1383","1388","1408900","1388","7404"
"2017-08-10","1387","1387","1380","1384","992900","1384","7405"
"2017-08-14","1381","1382","1356","1357","2144600","1357","7407"
"2017-08-15","1370","1379","1368","1371","1963500","1371","7408"
"2017-08-16","1373","1376","1368","1368","1379700","1368","7409"
"2017-08-17","1365","1371","1361","1368","1009000","1368","7410"
"2017-08-18","1359","1361","1352","1359","1552099","1359","7411"
"2017-08-21","1360","1360","1351","1351","1025099","1351","7412"
"2017-08-22","1351","1353","1346","1351","1129900","1351","7413"
"2017-08-23","1353","1353","1345","1349","1980200","1349","7414"
"2017-08-24","1347","1351","1341","1341","1683700","1341","7415"
"2017-08-25","1348","1353","1341","1350","2113199","1350","7416"
"2017-08-28","1350","1352","1343","1345","1207599","1345","7417"
"2017-08-29","1340","1347","1337","1344","1518400","1344","7418"
"2017-08-30","1348","1358","1344","1357","1446700","1357","7419"
"2017-08-31","1359","1367","1356","1366","1630099","1366","7420"
"2017-09-01","1368","1373","1360","1371","1588700","1371","7421"
"2017-09-04","1341","1348","1321","1326","7443000","1326","7422"
"2017-09-05","1325","1327","1272","1282","10337200","1282","7423"
"2017-09-06","1346","1362","1287","1306","20109400","1306","7424"
"2017-09-07","1317","1342","1316","1329","7602200","1329","7425"
"2017-09-08","1330","1351","1325","1344","7133899","1344","7426"
"2017-09-11","1351","1353","1310","1321","15901299","1321","7427"
"2017-09-12","1341","1384","1330","1373","16600599","1373","7428"
"2017-09-13","1373","1415","1373","1404","13682200","1404","7429"
"2017-09-14","1400","1410","1383","1390","6608200","1390","7430"
"2017-09-15","1380","1402","1379","1402","5453800","1402","7431"
"2017-09-19","1414","1422","1407","1420","6506399","1420","7433"
"2017-09-20","1420","1435","1417","1433","7008700","1433","7434"
"2017-09-21","1430","1443","1403","1405","13978500","1405","7435"
"2017-09-22","1398","1399","1363","1363","14580299","1363","7436"
"2017-09-25","1370","1373","1346","1349","27489201","1349","7437"
"2017-09-26","1338","1374","1338","1363","52839500","1363","7438"
"2017-09-27","1343","1361","1341","1349","39707800","1349","7439"
"2017-09-28","1352","1371","1321","1323","83038703","1323","7440"
"2017-09-29","1309","1329","1299","1329","211385796","1329","7441"
"2017-10-02","1313","1317","1302","1313","22714099","1313","7442"
"2017-10-03","1316","1317","1303","1308","18727800","1308","7443"
"2017-10-04","1305","1308","1298","1308","18219000","1308","7444"
"2017-10-05","1308","1308","1298","1300","12755000","1300","7445"
"2017-10-06","1300","1317","1298","1312","19846599","1312","7446"
"2017-10-10","1314","1314","1296","1300","18821701","1300","7448"
"2017-10-11","1306","1308","1303","1306","11157900","1306","7449"
"2017-10-12","1306","1307","1299","1300","11275500","1300","7450"
"2017-10-13","1299","1300","1292","1295","15284600","1295","7451"
"2017-10-16","1297","1304","1296","1299","9952500","1299","7452"
"2017-10-17","1303","1304","1298","1300","9460900","1300","7453"
"2017-10-18","1302","1304","1298","1300","8074800","1300","7454"
"2017-10-19","1302","1303","1297","1299","9668500","1299","7455"
"2017-10-20","1298","1305","1296","1300","11643799","1300","7456"
"2017-10-23","1302","1304","1299","1300","10029100","1300","7457"
"2017-10-24","1304","1307","1302","1305","9747000","1305","7458"
"2017-10-25","1307","1313","1304","1304","18448599","1304","7459"
"2017-10-26","1310","1311","1308","1310","7405500","1310","7460"
"2017-10-27","1310","1312","1307","1309","9613900","1309","7461"
"2017-10-30","1310","1314","1307","1309","10665200","1309","7462"
"2017-10-31","1310","1310","1305","1308","11260700","1308","7463"
"2017-11-01","1310","1310","1303","1304","12214900","1304","7464"
"2017-11-02","1305","1306","1303","1306","8439100","1306","7465"
"2017-11-06","1307","1310","1303","1303","8230600","1303","7467"
"2017-11-07","1303","1310","1302","1308","14226600","1308","7468"
"2017-11-08","1308","1310","1304","1308","10963100","1308","7469"
"2017-11-09","1307","1309","1296","1303","21588599","1303","7470"
"2017-11-10","1296","1305","1296","1302","10446299","1302","7471"
"2017-11-13","1300","1301","1296","1297","9721299","1297","7472"
"2017-11-14","1297","1298","1262","1270","23766599","1270","7473"
"2017-11-15","1279","1283","1252","1254","18223400","1254","7474"
"2017-11-16","1255","1256","1232","1245","21984000","1245","7475"
"2017-11-17","1252","1267","1252","1264","17200800","1264","7476"
"2017-11-20","1267","1282","1266","1270","10881200","1270","7477"
"2017-11-21","1275","1285","1274","1277","9009900","1277","7478"
"2017-11-22","1279","1282","1272","1272","8246299","1272","7479"
"2017-11-24","1270","1273","1265","1266","5920000","1266","7480"
"2017-11-27","1270","1271","1258","1260","6654000","1260","7481"
"2017-11-28","1255","1259","1251","1253","7482800","1253","7482"
"2017-11-29","1256","1260","1252","1256","7976300","1256","7483"
"2017-11-30","1260","1292","1260","1292","20244300","1292","7484"
"2017-12-01","1294","1295","1278","1280","8976600","1280","7485"
"2017-12-04","1280","1281","1273","1278","6248200","1278","7486"
"2017-12-05","1275","1282","1273","1276","6942899","1276","7487"
"2017-12-06","1272","1274","1260","1264","8865100","1264","7488"
"2017-12-07","1262","1269","1261","1266","7482399","1266","7489"
"2017-12-08","1268","1278","1267","1278","10343900","1278","7490"
"2017-12-11","1285","1289","1281","1285","7739800","1285","7491"
"2017-12-12","1286","1290","1284","1288","6588700","1288","7492"
"2017-12-13","1289","1296","1286","1291","8941100","1291","7493"
"2017-12-14","1299","1310","1299","1310","18867701","1310","7494"
"2017-12-15","1308","1310","1302","1305","11246299","1305","7495"
"2017-12-18","1306","1309","1303","1305","7047700","1305","7496"
"2017-12-19","1305","1307","1302","1304","6909300","1304","7497"
"2017-12-20","1301","1302","1296","1298","7915000","1298","7498"
"2017-12-21","1298","1302","1297","1301","6084100","1301","7499"
"2017-12-22","1300","1302","1293","1298","7260600","1298","7500"
"2017-12-25","1300","1300","1291","1292","4914500","1292","7501"
"2017-12-26","1290","1291","1281","1283","8821700","1283","7502"
"2017-12-27","1284","1296","1284","1294","5352600","1294","7503"
"2017-12-28","1294","1297","1291","1294","4770399","1294","7504"
"2017-12-29","1296","1296","1290","1292","3796000","1292","7505"
"2018-01-04","1300","1302","1296","1302","7597300","1302","7508"
"2018-01-05","1305","1308","1297","1304","9963400","1304","7509"
"2018-01-09","1308","1308","1302","1308","9132299","1308","7511"
"2018-01-10","1306","1315","1306","1315","10474799","1315","7512"
"2018-01-11","1319","1324","1318","1323","14182600","1323","7513"
"2018-01-12","1324","1332","1324","1330","15874200","1330","7514"
"2018-01-15","1335","1341","1324","1326","13282600","1326","7515"
"2018-01-16","1323","1324","1317","1320","6503700","1320","7516"
"2018-01-17","1315","1322","1314","1321","7793200","1321","7517"
"2018-01-18","1324","1327","1312","1313","8132200","1313","7518"
"2018-01-19","1315","1316","1311","1313","5694000","1313","7519"
"2018-01-22","1314","1324","1314","1323","7287399","1323","7520"
"2018-01-23","1326","1332","1325","1332","9404900","1332","7521"
"2018-01-24","1329","1332","1326","1327","5771500","1327","7522"
"2018-01-25","1325","1327","1318","1321","8124500","1321","7523"
"2018-01-26","1330","1332","1320","1322","8432700","1322","7524"
"2018-01-29","1324","1327","1321","1323","6269200","1323","7525"
"2018-01-30","1321","1321","1306","1309","9518200","1309","7526"
"2018-01-31","1305","1313","1302","1302","9729500","1302","7527"
"2018-02-01","1310","1320","1308","1315","7985200","1315","7528"
"2018-02-02","1313","1317","1309","1315","6028700","1315","7529"
"2018-02-05","1305","1312","1301","1306","8762500","1306","7530"
"2018-02-06","1286","1295","1261","1280","27152300","1280","7531"
"2018-02-07","1297","1303","1280","1280","13658700","1280","7532"
"2018-02-08","1285","1289","1277","1284","9137100","1284","7533"
"2018-02-09","1263","1270","1258","1269","12090299","1269","7534"
"2018-02-13","1273","1281","1260","1262","10878600","1262","7536"
"2018-02-14","1264","1267","1255","1255","6813899","1255","7537"
"2018-02-15","1285","1304","1256","1303","14861500","1303","7538"
"2018-02-16","1301","1313","1300","1305","9084900","1305","7539"
"2018-02-19","1312","1320","1311","1315","7335500","1315","7540"
"2018-02-20","1311","1314","1307","1311","6377399","1311","7541"
"2018-02-21","1305","1309","1298","1299","6652600","1299","7542"
"2018-02-22","1296","1298","1291","1292","6302200","1292","7543"
"2018-02-23","1290","1291","1283","1290","5321000","1290","7544"
"2018-02-26","1300","1300","1288","1290","5745600","1290","7545"
"2018-02-27","1294","1299","1290","1298","6434899","1298","7546"
"2018-02-28","1299","1303","1291","1291","6454399","1291","7547"
"2018-03-01","1287","1287","1280","1282","7988399","1282","7548"
"2018-03-02","1276","1277","1269","1272","8339400","1272","7549"
"2018-03-05","1271","1278","1268","1278","5968700","1278","7550"
"2018-03-06","1291","1294","1272","1273","6841100","1273","7551"
"2018-03-07","1274","1278","1269","1271","6961800","1271","7552"
"2018-03-08","1275","1277","1268","1269","4807500","1269","7553"
"2018-03-09","1272","1278","1265","1270","9617799","1270","7554"
"2018-03-12","1279","1286","1276","1284","5665300","1284","7555"
"2018-03-13","1283","1292","1280","1290","6314200","1290","7556"
"2018-03-14","1285","1288","1282","1286","4980100","1286","7557"
"2018-03-15","1282","1284","1272","1278","6522700","1278","7558"
"2018-03-16","1280","1282","1275","1279","7378600","1279","7559"
"2018-03-19","1282","1283","1271","1273","4691000","1273","7560"
"2018-03-20","1290","1321","1290","1317","19727300","1317","7561"
"2018-03-22","1318","1335","1311","1321","14038000","1321","7563"
"2018-03-23","1307","1318","1295","1307","9976700","1307","7564"
"2018-03-26","1307","1309","1291","1296","10432900","1296","7565"
"2018-03-27","1300","1317","1298","1317","10425600","1317","7566"
"2018-03-28","1275","1283","1269","1282","11858100","1282","7567"
"2018-03-29","1284","1292","1275","1285","8314000","1285","7568"
"2018-03-30","1288","1289","1276","1281","4999600","1281","7569"
"2018-04-02","1279","1284","1273","1273","5058899","1273","7570"
"2018-04-03","1268","1274","1266","1271","5059500","1271","7571"
"2018-04-04","1272","1277","1266","1273","6216000","1273","7572"
"2018-04-05","1275","1293","1275","1287","7923000","1287","7573"
"2018-04-06","1287","1293","1286","1290","8281100","1290","7574"
"2018-04-09","1289","1295","1288","1294","4691600","1294","7575"
"2018-04-10","1294","1302","1294","1297","7304800","1297","7576"
"2018-04-11","1301","1306","1300","1303","7992300","1303","7577"
"2018-04-12","1302","1307","1301","1302","5583700","1302","7578"
"2018-04-13","1304","1309","1302","1307","7894700","1307","7579"
"2018-04-16","1307","1312","1306","1310","6500300","1310","7580"
"2018-04-17","1317","1326","1313","1316","12722200","1316","7581"
"2018-04-18","1319","1324","1317","1323","11541600","1323","7582"
"2018-04-19","1323","1325","1319","1322","7483300","1322","7583"
"2018-04-20","1323","1326","1320","1326","10216900","1326","7584"
"2018-04-23","1328","1335","1327","1333","15485500","1333","7585"
"2018-04-24","1335","1337","1331","1336","11717400","1336","7586"
"2018-04-25","1324","1336","1324","1336","9242299","1336","7587"
"2018-04-26","1337","1339","1333","1336","10174000","1336","7588"
"2018-04-27","1335","1338","1327","1330","8171700","1330","7589"
"2018-05-01","1336","1338","1333","1336","7401800","1336","7591"
"2018-05-02","1336","1338","1334","1338","6783100","1338","7592"
"2018-05-07","1340","1344","1336","1338","7521100","1338","7595"
"2018-05-08","1339","1340","1336","1340","7415600","1340","7596"
"2018-05-09","1336","1338","1330","1333","6224300","1333","7597"
"2018-05-10","1327","1330","1315","1316","5952700","1316","7598"
"2018-05-11","1307","1324","1303","1324","6438500","1324","7599"
"2018-05-14","1320","1326","1317","1319","3986400","1319","7600"
"2018-05-15","1324","1334","1322","1333","6156100","1333","7601"
"2018-05-16","1284","1289","1274","1283","12244100","1283","7602"
"2018-05-17","1283","1283","1271","1277","10053400","1277","7603"
"2018-05-18","1282","1282","1276","1281","6260100","1281","7604"
"2018-05-21","1281","1284","1277","1277","5064700","1277","7605"
"2018-05-22","1282","1283","1277","1277","4167200","1277","7606"
"2018-05-23","1276","1277","1266","1269","7617600","1269","7607"
"2018-05-24","1269","1272","1266","1270","6631500","1270","7608"
"2018-05-25","1266","1269","1263","1263","7397500","1263","7609"
"2018-05-28","1266","1266","1260","1265","3954100","1265","7610"
"2018-05-29","1262","1264","1260","1262","3964400","1262","7611"
"2018-05-30","1255","1256","1251","1254","7295700","1254","7612"
"2018-05-31","1258","1258","1244","1247","16870500","1247","7613"
"2018-06-01","1250","1254","1243","1248","5673600","1248","7614"
"2018-06-04","1255","1260","1253","1257","4847300","1257","7615"
"2018-06-05","1255","1260","1254","1256","3766300","1256","7616"
"2018-06-06","1261","1266","1259","1264","5107899","1264","7617"
"2018-06-07","1267","1267","1259","1260","4060800","1260","7618"
"2018-06-08","1259","1262","1254","1254","4996300","1254","7619"
"2018-06-11","1250","1252","1245","1250","4216899","1250","7620"
"2018-06-12","1255","1261","1250","1251","5304600","1251","7621"
"2018-06-13","1250","1255","1249","1251","3589699","1251","7622"
"2018-06-14","1249","1253","1245","1245","4892100","1245","7623"
"2018-06-15","1245","1248","1242","1243","6988200","1243","7624"
"2018-06-18","1241","1242","1235","1238","5020600","1238","7625"
"2018-06-19","1235","1235","1219","1219","7751600","1219","7626"
"2018-06-20","1217","1225","1213","1222","6887500","1222","7627"
"2018-06-21","1215","1217","1208","1208","8442900","1208","7628"
"2018-06-22","1207","1208","1200","1206","6009100","1206","7629"
"2018-06-25","1212","1213","1200","1202","6354600","1202","7630"
"2018-06-26","1205","1218","1200","1211","9707000","1211","7631"
"2018-06-27","1211","1220","1211","1217","5987500","1217","7632"
"2018-06-28","1219","1220","1206","1208","6647200","1208","7633"
"2018-06-29","1212","1215","1204","1213","5966600","1213","7634"
"2018-07-02","1213","1214","1201","1203","6717300","1203","7635"
"2018-07-03","1203","1205","1200","1203","6393399","1203","7636"
"2018-07-04","1202","1215","1202","1211","4868000","1211","7637"
"2018-07-05","1210","1210","1203","1204","5065399","1204","7638"
"2018-07-06","1207","1213","1206","1206","5385300","1206","7639"
"2018-07-09","1207","1216","1206","1213","4616899","1213","7640"
"2018-07-10","1216","1225","1216","1216","5688200","1216","7641"
"2018-07-11","1207","1211","1204","1207","5497700","1207","7642"
"2018-07-12","1217","1217","1204","1205","5467300","1205","7643"
"2018-07-13","1205","1208","1202","1202","7603300","1202","7644"
"2018-07-17","1203","1218","1201","1214","7274300","1214","7646"
"2018-07-18","1210","1218","1209","1211","4074699","1211","7647"
"2018-07-19","1211","1219","1208","1215","4249100","1215","7648"
"2018-07-20","1212","1214","1205","1210","5357800","1210","7649"
"2018-07-23","1219","1237","1216","1228","6949200","1228","7650"
"2018-07-24","1230","1239","1225","1230","4865800","1230","7651"
"2018-07-25","1231","1238","1228","1231","4145200","1231","7652"
"2018-07-26","1232","1239","1229","1237","5313800","1237","7653"
"2018-07-27","1239","1241","1232","1234","3807300","1234","7654"
"2018-07-30","1238","1240","1233","1236","4176500","1236","7655"
"2018-07-31","1241","1248","1232","1232","7259700","1232","7656"
"2018-08-01","1235","1253","1232","1253","5865600","1253","7657"
"2018-08-02","1255","1258","1244","1248","4556399","1248","7658"
"2018-08-03","1247","1248","1236","1239","3754000","1239","7659"
"2018-08-06","1240","1244","1238","1241","2559900","1241","7660"
"2018-08-07","1235","1243","1232","1242","2697000","1242","7661"
"2018-08-08","1243","1248","1236","1239","3344800","1239","7662"
"2018-08-09","1236","1245","1234","1237","3955699","1237","7663"
"2018-08-10","1233","1235","1227","1228","4831200","1228","7664"
"2018-08-13","1266","1273","1253","1258","11305000","1258","7665"
"2018-08-14","1253","1261","1247","1259","5129700","1259","7666"
"2018-08-15","1262","1268","1260","1268","5543399","1268","7667"
"2018-08-16","1263","1272","1252","1270","6096700","1270","7668"
"2018-08-17","1271","1275","1265","1273","3661699","1273","7669"
"2018-08-20","1279","1296","1278","1295","8040700","1295","7670"
"2018-08-21","1294","1294","1283","1289","4507100","1289","7671"
"2018-08-22","1288","1296","1285","1290","4505399","1290","7672"
"2018-08-23","1287","1296","1287","1296","4519300","1296","7673"
"2018-08-24","1298","1310","1298","1307","8156000","1307","7674"
"2018-08-27","1311","1317","1310","1317","6051899","1317","7675"
"2018-08-28","1317","1319","1314","1315","5090800","1315","7676"
"2018-08-29","1318","1323","1317","1318","6627399","1318","7677"
"2018-08-30","1316","1320","1315","1319","5588600","1319","7678"
"2018-08-31","1318","1321","1316","1320","5511200","1320","7679"
"2018-09-03","1320","1322","1314","1319","3986199","1319","7680"
"2018-09-04","1317","1319","1310","1315","5477300","1315","7681"
"2018-09-05","1310","1314","1299","1310","6678899","1310","7682"
"2018-09-06","1319","1321","1305","1311","5549399","1311","7683"
"2018-09-07","1306","1310","1300","1308","5730300","1308","7684"
"2018-09-10","1307","1317","1305","1314","4937600","1314","7685"
"2018-09-11","1319","1328","1313","1322","7811200","1322","7686"
"2018-09-12","1322","1329","1320","1329","8026399","1329","7687"
"2018-09-13","1329","1331","1326","1329","7486399","1329","7688"
"2018-09-14","1332","1334","1330","1334","9307799","1334","7689"
"2018-09-18","1335","1343","1334","1340","11152700","1340","7691"
"2018-09-19","1341","1343","1337","1343","10955900","1343","7692"
"2018-09-20","1343","1345","1341","1345","10698600","1345","7693"
"2018-09-21","1345","1370","1343","1359","23883099","1359","7694"
"2018-09-25","1359","1367","1359","1367","14240100","1367","7696"
"2018-09-26","1340","1348","1329","1347","12705400","1347","7697"
"2018-09-27","1347","1350","1338","1344","11073600","1344","7698"
"2018-09-28","1348","1354","1343","1352","13577000","1352","7699"
"2018-10-01","1352","1358","1351","1356","9733500","1356","7700"
"2018-10-02","1357","1363","1349","1357","12708600","1357","7701"
"2018-10-03","1357","1365","1357","1362","10286400","1362","7702"
"2018-10-04","1363","1369","1363","1365","11420799","1365","7703"
"2018-10-05","1366","1369","1364","1369","9675299","1369","7704"
"2018-10-09","1374","1383","1366","1373","15997299","1373","7706"
"2018-10-10","1367","1382","1366","1380","14172000","1380","7707"
"2018-10-11","1357","1370","1349","1363","14611500","1363","7708"
"2018-10-12","1353","1357","1330","1339","12522500","1339","7709"
"2018-10-15","1339","1343","1312","1320","9419900","1320","7710"
"2018-10-16","1331","1345","1322","1342","9603400","1342","7711"
"2018-10-17","1350","1356","1338","1351","7385500","1351","7712"
"2018-10-18","1360","1367","1358","1363","7033100","1363","7713"
"2018-10-19","1354","1360","1345","1359","5345600","1359","7714"
"2018-10-22","1360","1365","1359","1360","5537300","1360","7715"
"2018-10-23","1354","1359","1340","1348","8936000","1348","7716"
"2018-10-24","1360","1360","1336","1346","8688900","1346","7717"
"2018-10-25","1335","1337","1319","1319","9736600","1319","7718"
"2018-10-26","1331","1333","1308","1316","11921500","1316","7719"
"2018-10-29","1331","1339","1312","1315","8956400","1315","7720"
"2018-10-30","1322","1334","1304","1304","42714699","1304","7721"
"2018-10-31","1309","1340","1305","1340","15840299","1340","7722"
"2018-11-01","1347","1352","1331","1335","7931000","1335","7723"
"2018-11-02","1332","1336","1314","1325","7560300","1325","7724"
"2018-11-05","1328","1343","1325","1326","4974600","1326","7725"
"2018-11-06","1329","1344","1326","1338","6506100","1338","7726"
"2018-11-07","1348","1356","1333","1339","9416799","1339","7727"
"2018-11-08","1358","1371","1357","1369","10971299","1369","7728"
"2018-11-09","1370","1378","1364","1374","9000500","1374","7729"
"2018-11-12","1373","1378","1368","1374","6995300","1374","7730"
"2018-11-13","1358","1359","1333","1350","8774600","1350","7731"
"2018-11-14","1350","1365","1349","1361","9887299","1361","7732"
"2018-11-15","1380","1396","1362","1371","23136500","1371","7733"
"2018-11-16","1369","1390","1366","1388","15593500","1388","7734"
"2018-11-19","1388","1395","1385","1392","14652400","1392","7735"
"2018-11-20","1388","1394","1380","1391","9110299","1391","7736"
"2018-11-21","1385","1386","1366","1371","8398900","1371","7737"
"2018-11-22","1366","1374","1356","1367","7376200","1367","7738"
"2018-11-26","1373","1374","1357","1368","8468600","1368","7740"
"2018-11-27","1372","1383","1368","1383","8770299","1383","7741"
"2018-11-28","1387","1395","1383","1391","12494299","1391","7742"
"2018-11-29","1392","1394","1374","1379","7693300","1379","7743"
"2018-11-30","1369","1382","1362","1382","24804000","1382","7744"
"2018-12-03","1379","1379","1362","1365","8931600","1365","7745"
"2018-12-04","1356","1356","1328","1332","10938600","1332","7746"
"2018-12-05","1328","1328","1308","1322","8770500","1322","7747"
"2018-12-06","1317","1323","1307","1313","7898300","1313","7748"
"2018-12-07","1328","1333","1313","1324","12685100","1324","7749"
"2018-12-10","1310","1315","1302","1313","7407300","1313","7750"
"2018-12-11","1310","1316","1300","1307","8426100","1307","7751"
"2018-12-12","1307","1321","1307","1312","7680800","1312","7752"
"2018-12-13","1313","1314","1300","1302","7968899","1302","7753"
"2018-12-14","1304","1305","1281","1288","10236799","1288","7754"
"2018-12-17","1290","1315","1290","1301","6112899","1301","7755"
"2018-12-18","1301","1302","1279","1285","7668800","1285","7756"
"2018-12-19","1289","1289","1263","1272","10020400","1272","7757"
"2018-12-20","1279","1288","1263","1269","7823000","1269","7758"
"2018-12-21","1299","1300","1254","1265","13320400","1265","7759"
"2018-12-25","1240","1245","1220","1238","8202500","1238","7761"
"2018-12-26","1247","1257","1234","1247","7157800","1247","7762"
"2018-12-27","1285","1292","1260","1262","10065700","1262","7763"
"2018-12-28","1258","1275","1254","1265","6090100","1265","7764"
"2019-01-04","1251","1272","1242","1265","7954899","1265","7768"
"2019-01-07","1281","1289","1275","1286","7023200","1286","7769"
"2019-01-08","1284","1298","1279","1284","6823000","1284","7770"
"2019-01-09","1301","1309","1294","1302","6467200","1302","7771"
"2019-01-10","1292","1306","1283","1305","7812800","1305","7772"
"2019-01-11","1310","1321","1305","1321","7047600","1321","7773"
"2019-01-15","1330","1339","1320","1336","8062500","1336","7775"
"2019-01-16","1333","1344","1325","1344","8046100","1344","7776"
"2019-01-17","1348","1359","1340","1355","8151899","1355","7777"
"2019-01-18","1353","1360","1349","1349","6224600","1349","7778"
"2019-01-21","1357","1357","1343","1352","4879500","1352","7779"
"2019-01-22","1349","1355","1343","1352","3636800","1352","7780"
"2019-01-23","1345","1350","1336","1336","4840000","1336","7781"
"2019-01-24","1339","1353","1337","1343","6923700","1343","7782"
"2019-01-25","1334","1343","1328","1328","4578200","1328","7783"
"2019-01-28","1335","1338","1325","1327","4176399","1327","7784"
"2019-01-29","1323","1335","1322","1329","4387000","1329","7785"
"2019-01-30","1327","1332","1323","1325","4818700","1325","7786"
"2019-01-31","1338","1344","1328","1337","5501600","1337","7787"
"2019-02-01","1339","1343","1324","1324","3979800","1324","7788"
"2019-02-04","1335","1353","1334","1348","5923000","1348","7789"
"2019-02-05","1344","1346","1336","1339","4363200","1339","7790"
"2019-02-06","1339","1343","1334","1335","2983900","1335","7791"
"2019-02-07","1329","1330","1317","1322","4628500","1322","7792"
"2019-02-08","1312","1318","1300","1309","5416899","1309","7793"
"2019-02-12","1324","1332","1321","1322","5978300","1322","7795"
"2019-02-13","1328","1335","1320","1333","5040899","1333","7796"
"2019-02-14","1329","1344","1324","1337","5989399","1337","7797"
"2019-02-15","1345","1345","1334","1343","5071700","1343","7798"
"2019-02-18","1353","1360","1350","1355","5530899","1355","7799"
"2019-02-19","1348","1362","1348","1358","4988399","1358","7800"
"2019-02-20","1364","1369","1356","1356","5161100","1356","7801"
"2019-02-21","1353","1353","1333","1345","4888100","1345","7802"
"2019-02-22","1338","1346","1336","1338","4410000","1338","7803"
"2019-02-25","1345","1350","1340","1346","3316400","1346","7804"
"2019-02-26","1349","1351","1343","1344","3747800","1344","7805"
"2019-02-27","1347","1354","1345","1351","4402000","1351","7806"
"2019-02-28","1353","1360","1353","1355","5478200","1355","7807"
"2019-03-01","1355","1360","1347","1353","4491399","1353","7808"
"2019-03-04","1360","1364","1353","1358","3226400","1358","7809"
"2019-03-05","1360","1363","1350","1355","3927699","1355","7810"
"2019-03-06","1357","1357","1346","1350","3642600","1350","7811"
"2019-03-07","1350","1357","1344","1355","3340800","1355","7812"
"2019-03-08","1344","1347","1323","1326","6137200","1326","7813"
"2019-03-11","1330","1334","1324","1328","4152600","1328","7814"
"2019-03-12","1340","1351","1340","1342","5060100","1342","7815"
"2019-03-13","1336","1346","1331","1335","3753000","1335","7816"
"2019-03-14","1334","1341","1312","1312","7602600","1312","7817"
"2019-03-15","1314","1323","1314","1319","6996399","1319","7818"
"2019-03-18","1319","1321","1311","1315","4925300","1315","7819"
"2019-03-19","1322","1328","1316","1317","4154600","1317","7820"
"2019-03-20","1315","1321","1311","1312","5274600","1312","7821"
"2019-03-22","1313","1317","1298","1317","7011300","1317","7823"
"2019-03-25","1310","1313","1300","1309","5958600","1309","7824"
"2019-03-26","1315","1325","1312","1324","9116900","1324","7825"
"2019-03-27","1314","1318","1299","1316","6517899","1316","7826"
"2019-03-28","1309","1312","1294","1299","5839700","1299","7827"
"2019-03-29","1300","1308","1295","1296","3944400","1296","7828"
"2019-04-01","1298","1311","1295","1305","5234200","1305","7829"
"2019-04-02","1317","1322","1313","1315","4495500","1315","7830"
"2019-04-03","1322","1325","1315","1317","4591399","1317","7831"
"2019-04-04","1313","1315","1297","1300","4459500","1300","7832"
"2019-04-05","1300","1313","1300","1303","6023399","1303","7833"
"2019-04-08","1300","1305","1288","1292","5489200","1292","7834"
"2019-04-09","1286","1289","1281","1286","3763800","1286","7835"
"2019-04-10","1274","1274","1241","1249","9115299","1249","7836"
"2019-04-11","1249","1252","1234","1248","6001200","1248","7837"
"2019-04-12","1251","1252","1239","1240","4633800","1240","7838"
"2019-04-15","1255","1259","1247","1251","6116600","1251","7839"
"2019-04-16","1244","1248","1239","1243","4070300","1243","7840"
"2019-04-17","1245","1251","1239","1239","4182600","1239","7841"
"2019-04-18","1244","1246","1229","1232","5087000","1232","7842"
"2019-04-19","1230","1230","1215","1216","5097100","1216","7843"
"2019-04-22","1216","1221","1215","1218","2823400","1218","7844"
"2019-04-23","1220","1236","1219","1232","4081100","1232","7845"
"2019-04-24","1233","1235","1218","1219","5712399","1219","7846"
"2019-04-25","1227","1241","1223","1238","5772300","1238","7847"
"2019-04-26","1240","1246","1236","1243","5980700","1243","7848"
"2019-05-07","1248","1250","1232","1241","5567399","1241","7855"
"2019-05-08","1242","1246","1222","1233","5516800","1233","7856"
"2019-05-09","1233","1233","1218","1228","6567300","1228","7857"
"2019-05-10","1219","1222","1213","1216","7643000","1216","7858"
"2019-05-13","1217","1219","1211","1213","3519600","1213","7859"
"2019-05-14","1202","1207","1194","1206","5158399","1206","7860"
"2019-05-15","1212","1214","1197","1203","5852899","1203","7861"
"2019-05-16","1196","1199","1185","1199","5649500","1199","7862"
"2019-05-17","1196","1204","1188","1198","4969100","1198","7863"
"2019-05-20","1200","1209","1197","1209","4598700","1209","7864"
"2019-05-21","1209","1217","1205","1217","4493899","1217","7865"
"2019-05-22","1217","1218","1201","1203","3727800","1203","7866"
"2019-05-23","1202","1206","1198","1206","3926699","1206","7867"
"2019-05-24","1200","1212","1194","1208","5113300","1208","7868"
"2019-05-27","1208","1215","1206","1212","2912500","1212","7869"
"2019-05-28","1209","1225","1203","1214","11828299","1214","7870"
"2019-05-29","1204","1214","1197","1214","4229600","1214","7871"
"2019-05-30","1209","1220","1209","1220","3891699","1220","7872"
"2019-05-31","1214","1218","1200","1202","5429800","1202","7873"
"2019-06-03","1192","1212","1187","1210","5212800","1210","7874"
"2019-06-04","1211","1211","1195","1200","3543900","1200","7875"
"2019-06-05","1218","1228","1215","1220","6267800","1220","7876"
"2019-06-06","1218","1220","1212","1214","3311500","1214","7877"
"2019-06-07","1222","1224","1205","1212","2420300","1212","7878"
"2019-06-10","1216","1218","1201","1207","3481600","1207","7879"
"2019-06-11","1205","1216","1204","1213","3132400","1213","7880"
"2019-06-12","1215","1217","1205","1208","2538199","1208","7881"
"2019-06-13","1205","1212","1197","1209","4157100","1209","7882"
"2019-06-14","1205","1205","1199","1203","3010300","1203","7883"
"2019-06-17","1197","1199","1191","1191","3624800","1191","7884"
"2019-06-18","1186","1193","1185","1189","3746300","1189","7885"
"2019-06-19","1195","1202","1194","1201","3077300","1201","7886"
"2019-06-20","1200","1214","1200","1213","3986800","1213","7887"
"2019-06-21","1206","1218","1197","1208","7863600","1208","7888"
"2019-06-24","1197","1205","1197","1202","3084000","1202","7889"
"2019-06-25","1199","1210","1198","1207","3732199","1207","7890"
"2019-06-26","1207","1228","1206","1228","7871100","1228","7891"
"2019-06-27","1222","1231","1218","1231","4473000","1231","7892"
"2019-06-28","1227","1231","1214","1220","4384800","1220","7893"
"2019-07-01","1245","1246","1230","1241","5523399","1241","7894"
"2019-07-02","1242","1248","1240","1243","3498500","1243","7895"
"2019-07-03","1230","1235","1226","1231","4207899","1231","7896"
"2019-07-04","1232","1234","1228","1232","1726599","1232","7897"
"2019-07-05","1228","1232","1223","1227","2437900","1227","7898"
"2019-07-08","1224","1229","1216","1219","3402900","1219","7899"
"2019-07-09","1221","1233","1220","1221","2867699","1221","7900"
"2019-07-10","1213","1217","1201","1205","5694100","1205","7901"
"2019-07-11","1195","1206","1189","1195","6791500","1195","7902"
"2019-07-12","1191","1192","1180","1180","6274700","1180","7903"
"2019-07-16","1162","1163","1143","1146","8518900","1146","7905"
"2019-07-17","1141","1145","1127","1127","7199000","1127","7906"
"2019-07-18","1128","1129","1107","1111","9052200","1111","7907"
"2019-07-19","1106","1109","1101","1102","7680500","1102","7908"
"2019-07-22","1100","1105","1095","1097","5104100","1097","7909"
"2019-07-23","1090","1100","1087","1096","5235100","1096","7910"
"2019-07-24","1095","1098","1091","1092","4712000","1092","7911"
"2019-07-25","1091","1098","1087","1096","4219500","1096","7912"
"2019-07-26","1097","1101","1092","1096","5298000","1096","7913"
"2019-07-29","1089","1089","1076","1078","5535300","1078","7914"
"2019-07-30","1070","1077","1060","1063","6677399","1063","7915"
"2019-07-31","1051","1071","1050","1068","7604300","1068","7916"
"2019-08-01","1055","1064","1052","1064","5681200","1064","7917"
"2019-08-02","1050","1053","1045","1052","7424600","1052","7918"
"2019-08-05","1040","1041","1024","1030","6857300","1030","7919"
"2019-08-06","1012","1038","1010","1035","6036000","1035","7920"
"2019-08-07","1031","1034","1022","1024","5021700","1024","7921"
"2019-08-08","1017","1020","1011","1013","5136600","1013","7922"
"2019-08-09","1010","1014","1002","1005","6135300","1005","7923"
"2019-08-13","1005","1005","994","1002","6298100","1002","7925"
"2019-08-14","1006","1011","996","997","4283700","997","7926"
"2019-08-15","983","989","976","984","6198500","984","7927"
"2019-08-16","987","995","985","992","4580899","992","7928"
"2019-08-19","992","996","987","995","2766000","995","7929"
"2019-08-20","995","999","992","995","3153199","995","7930"
"2019-08-21","989","990","980","981","3922300","981","7931"
"2019-08-22","976","976","965","966","6350600","966","7932"
"2019-08-23","961","964","941","962","10243400","962","7933"
"2019-08-26","948","948","938","945","8129300","945","7934"
"2019-08-27","956","959","947","951","6343700","951","7935"
"2019-08-28","949","963","948","958","4435700","958","7936"
"2019-08-29","958","965","953","957","4716200","957","7937"
"2019-08-30","966","969","958","966","5640500","966","7938"
"2019-09-02","962","970","960","968","4184300","968","7939"
"2019-09-03","967","974","966","968","4003199","968","7940"
"2019-09-04","965","965","951","952","6553399","952","7941"
"2019-09-05","952","969","952","962","6965700","962","7942"
"2019-09-06","966","968","963","966","4702800","966","7943"
"2019-09-09","969","977","968","971","4188100","971","7944"
"2019-09-10","977","1001","975","999","7721100","999","7945"
"2019-09-11","1008","1018","997","1013","8796000","1013","7946"
"2019-09-12","1022","1027","1008","1024","8518400","1024","7947"
"2019-09-13","1020","1030","1010","1028","8834000","1028","7948"
"2019-09-17","1036","1038","1027","1029","6756800","1029","7950"
"2019-09-18","1029","1030","1021","1028","6053399","1028","7951"
"2019-09-19","1035","1051","1035","1038","7955800","1038","7952"
"2019-09-20","1045","1052","1041","1049","10196500","1049","7953"
"2019-09-24","1035","1037","1014","1014","14248700","1014","7955"
"2019-09-25","1016","1035","1015","1033","7138200","1033","7956"
"2019-09-26","1040","1041","1029","1034","9532600","1034","7957"
"2019-09-27","1007","1013","996","1006","8281400","1006","7958"
"2019-09-30","1000","1004","992","995","6209600","995","7959"
"2019-10-01","997","1004","991","995","6782100","995","7960"
"2019-10-02","986","992","984","987","5428800","987","7961"
"2019-10-03","976","981","967","980","5708100","980","7962"
"2019-10-04","970","977","968","977","4194600","977","7963"
"2019-10-07","986","987","976","981","3566300","981","7964"
"2019-10-08","987","996","987","996","5517600","996","7965"
"2019-10-09","982","988","979","980","5394100","980","7966"
"2019-10-10","976","980","971","974","5725600","974","7967"
"2019-10-11","981","982","974","981","5371500","981","7968"
"2019-10-15","989","994","986","994","5394500","994","7970"
"2019-10-16","1004","1005","995","999","5735600","999","7971"
"2019-10-17","990","993","983","983","5557700","983","7972"
"2019-10-18","980","986","980","981","4056400","981","7973"
"2019-10-21","979","994","978","994","4945200","994","7974"
"2019-10-23","996","1002","994","999","4545800","999","7976"
"2019-10-24","1002","1007","1000","1002","4094699","1002","7977"
"2019-10-25","1004","1006","994","1000","4447000","1000","7978"
"2019-10-28","1004","1004","995","996","4418000","996","7979"
"2019-10-29","1000","1004","998","1004","4274800","1004","7980"
"2019-10-30","1005","1007","1000","1001","5150600","1001","7981"
"2019-10-31","999","1003","995","996","9309500","996","7982"
"2019-11-01","995","998","993","998","5387700","998","7983"
"2019-11-05","998","1008","997","1007","6078399","1007","7985"
"2019-11-06","1010","1015","1008","1014","5266100","1014","7986"
"2019-11-07","1012","1014","1008","1011","4201700","1011","7987"
"2019-11-08","1016","1023","1011","1017","5474500","1017","7988"
"2019-11-11","1023","1027","1019","1020","4211100","1020","7989"
"2019-11-12","1021","1021","1009","1012","6752300","1012","7990"
"2019-11-13","1011","1013","1006","1006","5384200","1006","7991"
"2019-11-14","1005","1008","998","1002","6577300","1002","7992"
"2019-11-15","1008","1058","1007","1054","15476100","1054","7993"
"2019-11-18","1045","1045","1028","1039","5266700","1039","7994"
"2019-11-19","1042","1043","1026","1029","3284600","1029","7995"
"2019-11-20","1022","1029","1015","1016","4186600","1016","7996"
"2019-11-21","1017","1018","1005","1018","4623200","1018","7997"
"2019-11-22","1020","1022","1015","1016","3484900","1016","7998"
"2019-11-25","1025","1030","1021","1030","4214399","1030","7999"
"2019-11-26","1040","1042","1030","1040","11199100","1040","8000"
"2019-11-27","1034","1034","1028","1030","5086200","1030","8001"
"2019-11-28","1030","1034","1024","1029","2938300","1029","8002"
"2019-11-29","1029","1034","1026","1029","3499199","1029","8003"
"2019-12-02","1028","1043","1028","1036","5264800","1036","8004"
"2019-12-03","1033","1035","1028","1033","3792100","1033","8005"
"2019-12-04","1027","1036","1025","1036","3969300","1036","8006"
"2019-12-05","1042","1044","1037","1041","4585800","1041","8007"
"2019-12-06","1045","1047","1043","1046","3745900","1046","8008"
"2019-12-09","1054","1059","1052","1059","4963300","1059","8009"
"2019-12-10","1055","1056","1046","1047","5075800","1047","8010"
"2019-12-11","1047","1053","1045","1049","4464500","1049","8011"
"2019-12-12","1045","1049","1043","1049","4218200","1049","8012"
"2019-12-13","1060","1063","1055","1061","7342899","1061","8013"
"2019-12-16","1056","1063","1054","1060","4171800","1060","8014"
"2019-12-17","1055","1059","1043","1052","6583800","1052","8015"
"2019-12-18","1050","1053","1044","1047","5278000","1047","8016"
"2019-12-19","1040","1040","1025","1025","7087600","1025","8017"
"2019-12-20","1030","1042","1028","1039","7873700","1039","8018"
"2019-12-23","1048","1048","1033","1034","7434500","1034","8019"
"2019-12-24","1030","1031","1019","1020","5531200","1020","8020"
"2019-12-25","1020","1022","1012","1013","4200600","1013","8021"
"2019-12-26","1016","1026","1016","1020","5530000","1020","8022"
"2019-12-27","1026","1038","1026","1037","4731200","1037","8023"
"2019-12-30","1037","1037","1026","1026","5513200","1026","8024"
"2020-01-06","1016","1019","1012","1016","5920500","1016","8028"
"2020-01-07","1019","1034","1018","1030","5396899","1030","8029"
"2020-01-08","1015","1028","1012","1022","6784600","1022","8030"
"2020-01-09","1025","1033","1025","1026","5699700","1026","8031"
"2020-01-10","1026","1026","1020","1021","5431600","1021","8032"
"2020-01-14","1032","1033","1024","1030","5650200","1030","8034"
"2020-01-15","1024","1026","1020","1023","6640800","1023","8035"
"2020-01-16","1016","1021","1013","1021","4344200","1021","8036"
"2020-01-17","1024","1027","1021","1027","4571800","1027","8037"
"2020-01-20","1026","1032","1026","1028","3345900","1028","8038"
"2020-01-21","1025","1026","1019","1019","5177500","1019","8039"
"2020-01-22","1019","1024","1018","1023","3948800","1023","8040"
"2020-01-23","1022","1026","1020","1021","4344899","1021","8041"
"2020-01-24","1017","1018","1011","1011","5407600","1011","8042"
"2020-01-27","1006","1010","1004","1006","5650800","1006","8043"
"2020-01-28","1000","1001","993","994","17071800","994","8044"
"2020-01-29","995","998","992","995","9989100","995","8045"
"2020-01-30","995","998","990","993","8151700","993","8046"
"2020-01-31","994","1004","992","996","7538500","996","8047"
"2020-02-03","990","1002","987","996","7132500","996","8048"
"2020-02-04","992","1007","991","1006","4987899","1006","8049"
"2020-02-05","1010","1024","1007","1020","6430500","1020","8050"
"2020-02-06","1036","1048","1036","1040","8321900","1040","8051"
"2020-02-07","1040","1041","1030","1030","3816300","1030","8052"
"2020-02-10","1025","1027","1019","1020","3974300","1020","8053"
"2020-02-12","1020","1020","1009","1011","6407500","1011","8055"
"2020-02-13","1012","1014","1005","1009","3551699","1009","8056"
"2020-02-14","1006","1007","1000","1002","4065699","1002","8057"
"2020-02-17","1010","1015","1005","1005","4284600","1005","8058"
"2020-02-18","1004","1012","1004","1011","4145500","1011","8059"
"2020-02-19","1013","1013","1005","1005","4243700","1005","8060"
"2020-02-20","1008","1016","1002","1005","3579300","1005","8061"
"2020-02-21","1002","1009","1001","1003","3187400","1003","8062"
"2020-02-25","989","991","978","985","11405100","985","8064"
"2020-02-26","984","986","977","982","8558799","982","8065"
"2020-02-27","977","977","962","965","11085700","965","8066"
"2020-02-28","945","952","936","940","12655100","940","8067"
"2020-03-02","930","944","926","933","11453000","933","8068"
"2020-03-03","943","945","920","920","9065799","920","8069"
"2020-03-04","905","915","901","907","9324200","907","8070"
"2020-03-05","914","921","910","914","7709800","914","8071"
"2020-03-06","900","901","884","884","13158500","884","8072"
"2020-03-09","856","862","821","824","13364299","824","8073"
"2020-03-10","800","832","778","826","16403500","826","8074"
"2020-03-11","818","844","815","822","8964200","822","8075"
"2020-03-12","807","813","787","797","12589600","797","8076"
"2020-03-13","744","789","728","759","14860299","759","8077"
"2020-03-16","759","776","745","746","9229900","746","8078"
"2020-03-17","733","779","730","773","13825600","773","8079"
"2020-03-18","787","812","762","765","10254100","765","8080"
"2020-03-19","793","808","750","760","13987600","760","8081"
"2020-03-23","755","780","741","774","13589000","774","8083"
"2020-03-24","804","812","791","811","10388700","811","8084"
"2020-03-25","841","873","831","873","9250799","873","8085"
"2020-03-26","870","875","850","868","9265100","868","8086"
"2020-03-27","887","893","864","890","11241400","890","8087"
"2020-03-30","830","851","820","851","9453100","851","8088"
"2020-03-31","845","868","840","845","9800299","845","8089"
"2020-04-01","835","857","816","828","6966500","828","8090"
"2020-04-02","813","823","801","805","6437500","805","8091"
"2020-04-03","800","818","798","808","6498500","808","8092"
"2020-04-06","807","842","799","834","7217600","834","8093"
"2020-04-07","845","856","830","848","6086300","848","8094"
"2020-04-08","851","856","826","834","8446400","834","8095"
"2020-04-09","845","845","818","829","9432299","829","8096"
"2020-04-10","830","851","824","851","6000200","851","8097"
"2020-04-13","842","850","831","832","3024900","832","8098"
"2020-04-14","825","850","823","849","6722800","849","8099"
"2020-04-15","839","844","829","833","6304800","833","8100"
"2020-04-16","818","829","813","828","4898899","828","8101"
"2020-04-17","830","838","821","824","4348800","824","8102"
"2020-04-20","811","823","810","816","3323500","816","8103"
"2020-04-21","808","822","807","822","4377399","822","8104"
"2020-04-22","814","827","812","823","4028400","823","8105"
"2020-04-23","826","833","818","833","4016800","833","8106"
"2020-04-24","828","834","826","833","4011400","833","8107"
"2020-04-27","843","856","837","856","5027100","856","8108"
"2020-04-28","855","864","850","862","3635400","862","8109"
"2020-04-30","878","883","859","864","6642500","864","8111"
"2020-05-01","858","858","836","840","3754000","840","8112"
"2020-05-07","814","818","802","803","8504900","803","8116"
"2020-05-08","813","816","805","814","5626500","814","8117"
"2020-05-11","823","867","822","866","6899600","866","8118"
"2020-05-12","859","860","844","845","4645300","845","8119"
"2020-05-13","835","845","833","843","3599699","843","8120"
"2020-05-14","835","845","828","828","4166700","828","8121"
"2020-05-15","842","842","828","836","3509699","836","8122"
"2020-05-18","794","798","752","760","18113599","760","8123"
"2020-05-19","771","777","753","764","14374600","764","8124"
"2020-05-20","759","763","754","754","8919600","754","8125"
"2020-05-21","755","759","752","752","5568800","752","8126"
"2020-05-22","759","761","743","745","7977399","745","8127"
"2020-05-25","750","754","747","750","4224300","750","8128"
"2020-05-26","758","759","750","750","8267299","750","8129"
"2020-05-27","752","784","751","782","10945000","782","8130"
"2020-05-28","786","799","776","790","9104700","790","8131"
"2020-05-29","784","789","777","784","12258799","784","8132"
"2020-06-01","785","790","773","777","5551899","777","8133"
"2020-06-02","772","786","772","780","5039000","780","8134"
"2020-06-03","789","800","788","796","7053200","796","8135"
"2020-06-04","808","812","791","796","6368100","796","8136"
"2020-06-05","804","808","794","808","5105500","808","8137"
"2020-06-08","823","852","818","852","8536900","852","8138"
"2020-06-09","854","861","841","851","6679399","851","8139"
"2020-06-10","840","851","833","848","6078700","848","8140"
"2020-06-11","828","833","804","806","6897399","806","8141"
"2020-06-12","786","800","778","799","8006200","799","8142"
"2020-06-15","799","805","776","776","4884300","776","8143"
"2020-06-16","803","828","801","823","7325100","823","8144"
"2020-06-17","812","818","805","810","3159000","810","8145"
"2020-06-18","800","804","788","797","3990500","797","8146"
"2020-06-19","804","805","786","787","10503000","787","8147"
"2020-06-22","787","793","785","787","3668699","787","8148"
"2020-06-23","789","797","781","790","4602100","790","8149"
"2020-06-24","777","781","772","776","6248100","776","8150"
"2020-06-25","770","770","758","764","5353000","764","8151"
"2020-06-26","787","792","779","784","9205200","784","8152"
"2020-06-29","765","767","751","758","6556000","758","8153"
"2020-06-30","772","777","766","766","5840700","766","8154"
"2020-07-01","779","779","760","764","6059300","764","8155"
"2020-07-02","762","774","756","763","5468600","763","8156"
"2020-07-03","769","771","756","762","2485900","762","8157"
"2020-07-06","761","776","761","776","2841400","776","8158"
"2020-07-07","770","774","760","769","4421700","769","8159"
"2020-07-08","765","770","761","761","3201900","761","8160"
"2020-07-09","760","765","757","757","4223200","757","8161"
"2020-07-10","755","759","749","750","5775600","750","8162"
"2020-07-13","765","778","765","776","5898399","776","8163"
"2020-07-14","773","788","772","781","4261000","781","8164"
"2020-07-15","789","794","779","784","4013500","784","8165"
"2020-07-16","788","795","782","787","6920300","787","8166"
"2020-07-17","790","791","779","779","2554199","779","8167"
"2020-07-20","771","784","768","780","3180900","780","8168"
"2020-07-21","773","777","767","773","3690199","773","8169"
"2020-07-22","776","782","769","769","3964500","769","8170"
"2020-07-27","765","776","756","775","4924500","775","8173"
"2020-07-28","771","777","766","769","3671400","769","8174"
"2020-07-29","760","762","756","758","3484300","758","8175"
"2020-07-30","758","760","745","745","4412100","745","8176"
"2020-07-31","738","738","716","717","6293100","717","8177"
"2020-08-03","725","731","720","724","3803300","724","8178"
"2020-08-04","728","756","726","754","5830600","754","8179"
"2020-08-05","742","748","738","747","3903900","747","8180"
"2020-08-06","749","754","745","748","3137000","748","8181"
"2020-08-07","751","757","749","754","3310199","754","8182"
"2020-08-11","760","778","759","774","6662800","774","8183"
"2020-08-12","779","803","779","799","6842399","799","8184"
"2020-08-13","794","798","784","786","7617500","786","8185"
"2020-08-14","779","783","775","777","5023800","777","8186"
"2020-08-17","779","783","773","773","3325300","773","8187"
"2020-08-18","768","769","754","764","4617800","764","8188"
"2020-08-19","760","770","758","768","4111200","768","8189"
"2020-08-20","768","776","767","770","2581300","770","8190"
"2020-08-21","780","785","769","773","4128899","773","8191"
